X,CH1,CH2,CH3,CH4,Start,Increment,
Sequence,Volt,Volt,Volt,Volt,-3.000000e-05,5.000000e-08
0,8.00e-02,-6.40e-02,-5.60e-02,-8.00e-03,
1,-1.60e-01,-7.20e-02,-5.60e-02,3.20e-02,
2,8.00e-02,-6.40e-02,-5.60e-02,3.20e-02,
3,-1.60e-01,-8.00e-02,-5.60e-02,8.00e-02,
4,-1.60e-01,-8.00e-02,-5.60e-02,8.00e-02,
5,8.00e-02,-7.20e-02,-4.00e-02,1.28e-01,
6,-1.60e-01,-8.00e-02,-4.80e-02,1.20e-01,
7,0.00e+00,-8.80e-02,-4.00e-02,1.76e-01,
8,-1.60e-01,-8.80e-02,-4.80e-02,1.68e-01,
9,8.00e-02,-8.80e-02,-3.20e-02,2.24e-01,
10,-1.60e-01,-8.00e-02,-3.20e-02,2.32e-01,
11,8.00e-02,-1.04e-01,-4.00e-02,2.80e-01,
12,-1.60e-01,-9.60e-02,-4.00e-02,2.72e-01,
13,8.00e-02,-1.04e-01,-2.40e-02,3.28e-01,
14,0.00e+00,-9.60e-02,-3.20e-02,3.28e-01,
15,8.00e-02,-1.04e-01,-2.40e-02,3.76e-01,
16,0.00e+00,-9.60e-02,-2.40e-02,3.68e-01,
17,8.00e-02,-1.12e-01,-3.20e-02,4.16e-01,
18,0.00e+00,-1.12e-01,-3.20e-02,4.16e-01,
19,8.00e-02,-9.60e-02,-2.40e-02,4.48e-01,
20,8.00e-02,-1.04e-01,-3.20e-02,4.48e-01,
21,0.00e+00,-1.12e-01,-1.60e-02,4.72e-01,
22,0.00e+00,-1.12e-01,-1.60e-02,4.72e-01,
23,8.00e-02,-9.60e-02,-2.40e-02,4.96e-01,
24,8.00e-02,-1.04e-01,-1.60e-02,4.88e-01,
25,0.00e+00,-8.80e-02,-3.20e-02,5.04e-01,
26,8.00e-02,-9.60e-02,-3.20e-02,4.96e-01,
27,0.00e+00,-8.00e-02,-2.40e-02,5.04e-01,
28,0.00e+00,-8.00e-02,-3.20e-02,5.04e-01,
29,8.00e-02,-6.40e-02,-2.40e-02,4.88e-01,
30,0.00e+00,-7.20e-02,-3.20e-02,4.88e-01,
31,8.00e-02,-5.60e-02,-1.60e-02,4.72e-01,
32,0.00e+00,-6.40e-02,-3.20e-02,4.80e-01,
33,8.00e-02,-4.80e-02,-1.60e-02,4.48e-01,
34,0.00e+00,-5.60e-02,-3.20e-02,4.56e-01,
35,8.00e-02,-4.00e-02,-2.40e-02,4.24e-01,
36,0.00e+00,-4.00e-02,-2.40e-02,4.32e-01,
37,0.00e+00,-2.40e-02,-3.20e-02,4.00e-01,
38,0.00e+00,-3.20e-02,-2.40e-02,4.08e-01,
39,0.00e+00,-1.60e-02,-3.20e-02,3.76e-01,
40,8.00e-02,-2.40e-02,-3.20e-02,3.76e-01,
41,0.00e+00,-8.00e-03,-2.40e-02,3.36e-01,
42,0.00e+00,-8.00e-03,-3.20e-02,3.36e-01,
43,8.00e-02,0.00e+00,-2.40e-02,2.96e-01,
44,0.00e+00,-8.00e-03,-2.40e-02,3.04e-01,
45,8.00e-02,8.00e-03,-3.20e-02,2.56e-01,
46,0.00e+00,8.00e-03,-2.40e-02,2.56e-01,
47,8.00e-02,2.40e-02,-3.20e-02,2.16e-01,
48,0.00e+00,1.60e-02,-3.20e-02,2.24e-01,
49,0.00e+00,3.20e-02,-1.60e-02,1.92e-01,
50,8.00e-02,3.20e-02,-1.60e-02,1.92e-01,
51,0.00e+00,2.40e-02,-3.20e-02,1.60e-01,
52,0.00e+00,4.00e-02,-2.40e-02,1.68e-01,
53,8.00e-02,3.20e-02,-1.60e-02,1.28e-01,
54,0.00e+00,4.00e-02,-1.60e-02,1.36e-01,
55,8.00e-02,3.20e-02,-2.40e-02,1.04e-01,
56,0.00e+00,3.20e-02,-1.60e-02,1.04e-01,
57,8.00e-02,4.80e-02,-2.40e-02,7.20e-02,
58,0.00e+00,4.80e-02,-2.40e-02,8.00e-02,
59,8.00e-02,4.00e-02,-1.60e-02,5.60e-02,
60,0.00e+00,4.80e-02,-2.40e-02,5.60e-02,
61,0.00e+00,4.00e-02,-8.00e-03,3.20e-02,
62,0.00e+00,4.80e-02,-8.00e-03,3.20e-02,
63,8.00e-02,5.60e-02,-8.00e-03,8.00e-03,
64,0.00e+00,5.60e-02,0.00e+00,1.60e-02,
65,8.00e-02,4.80e-02,-8.00e-03,-8.00e-03,
66,0.00e+00,5.60e-02,-8.00e-03,-8.00e-03,
67,8.00e-02,4.80e-02,0.00e+00,-3.20e-02,
68,0.00e+00,5.60e-02,-8.00e-03,-2.40e-02,
69,8.00e-02,4.00e-02,8.00e-03,-4.80e-02,
70,0.00e+00,5.60e-02,0.00e+00,-4.80e-02,
71,8.00e-02,4.00e-02,8.00e-03,-6.40e-02,
72,8.00e-02,4.80e-02,0.00e+00,-6.40e-02,
73,0.00e+00,4.00e-02,8.00e-03,-8.00e-02,
74,0.00e+00,4.80e-02,0.00e+00,-7.20e-02,
75,8.00e-02,4.00e-02,8.00e-03,-9.60e-02,
76,0.00e+00,4.80e-02,0.00e+00,-9.60e-02,
77,0.00e+00,4.00e-02,1.60e-02,-1.04e-01,
78,0.00e+00,4.80e-02,8.00e-03,-1.04e-01,
79,8.00e-02,4.00e-02,1.60e-02,-1.20e-01,
80,0.00e+00,4.80e-02,8.00e-03,-1.12e-01,
81,8.00e-02,4.00e-02,1.60e-02,-1.28e-01,
82,0.00e+00,4.00e-02,1.60e-02,-1.20e-01,
83,8.00e-02,4.80e-02,8.00e-03,-1.36e-01,
84,0.00e+00,4.80e-02,8.00e-03,-1.28e-01,
85,0.00e+00,3.20e-02,2.40e-02,-1.44e-01,
86,0.00e+00,3.20e-02,1.60e-02,-1.44e-01,
87,8.00e-02,4.00e-02,2.40e-02,-1.52e-01,
88,0.00e+00,3.20e-02,2.40e-02,-1.52e-01,
89,0.00e+00,4.00e-02,1.60e-02,-1.60e-01,
90,0.00e+00,4.00e-02,2.40e-02,-1.52e-01,
91,8.00e-02,3.20e-02,1.60e-02,-1.68e-01,
92,0.00e+00,4.00e-02,1.60e-02,-1.60e-01,
93,8.00e-02,3.20e-02,3.20e-02,-1.68e-01,
94,0.00e+00,3.20e-02,3.20e-02,-1.60e-01,
95,8.00e-02,4.00e-02,2.40e-02,-1.76e-01,
96,0.00e+00,3.20e-02,3.20e-02,-1.76e-01,
97,8.00e-02,4.00e-02,2.40e-02,-1.60e-01,
98,0.00e+00,3.20e-02,2.40e-02,-1.76e-01,
99,8.00e-02,4.00e-02,4.00e-02,-1.68e-01,
100,0.00e+00,4.00e-02,4.00e-02,-1.68e-01,
101,8.00e-02,3.20e-02,4.80e-02,-1.76e-01,
102,8.00e-02,4.00e-02,4.80e-02,-1.76e-01,
103,0.00e+00,3.20e-02,4.00e-02,-1.68e-01,
104,0.00e+00,4.00e-02,4.00e-02,-1.76e-01,
105,8.00e-02,3.20e-02,4.00e-02,-1.68e-01,
106,8.00e-02,4.00e-02,4.80e-02,-1.76e-01,
107,0.00e+00,3.20e-02,5.60e-02,-1.68e-01,
108,0.00e+00,4.00e-02,4.80e-02,-1.76e-01,
109,8.00e-02,3.20e-02,4.80e-02,-1.60e-01,
110,8.00e-02,4.00e-02,4.80e-02,-1.60e-01,
111,0.00e+00,3.20e-02,6.40e-02,-1.76e-01,
112,0.00e+00,4.00e-02,4.80e-02,-1.68e-01,
113,8.00e-02,3.20e-02,6.40e-02,-1.60e-01,
114,0.00e+00,3.20e-02,5.60e-02,-1.68e-01,
115,8.00e-02,4.00e-02,6.40e-02,-1.60e-01,
116,0.00e+00,3.20e-02,5.60e-02,-1.52e-01,
117,0.00e+00,4.00e-02,6.40e-02,-1.68e-01,
118,0.00e+00,3.20e-02,5.60e-02,-1.60e-01,
119,0.00e+00,4.00e-02,7.20e-02,-1.52e-01,
120,0.00e+00,4.00e-02,5.60e-02,-1.52e-01,
121,8.00e-02,3.20e-02,7.20e-02,-1.60e-01,
122,0.00e+00,4.00e-02,6.40e-02,-1.44e-01,
123,8.00e-02,3.20e-02,7.20e-02,-1.60e-01,
124,0.00e+00,4.00e-02,7.20e-02,-1.44e-01,
125,8.00e-02,3.20e-02,6.40e-02,-1.36e-01,
126,0.00e+00,4.80e-02,7.20e-02,-1.36e-01,
127,8.00e-02,3.20e-02,6.40e-02,-1.44e-01,
128,0.00e+00,4.80e-02,7.20e-02,-1.44e-01,
129,8.00e-02,4.00e-02,6.40e-02,-1.28e-01,
130,0.00e+00,4.80e-02,6.40e-02,-1.28e-01,
131,8.00e-02,4.00e-02,7.20e-02,-1.36e-01,
132,0.00e+00,4.80e-02,7.20e-02,-1.36e-01,
133,1.60e-01,4.00e-02,6.40e-02,-1.28e-01,
134,0.00e+00,4.80e-02,6.40e-02,-1.36e-01,
135,1.60e-01,4.00e-02,7.20e-02,-1.20e-01,
136,0.00e+00,4.80e-02,6.40e-02,-1.28e-01,
137,1.60e-01,4.00e-02,7.20e-02,-1.20e-01,
138,0.00e+00,4.80e-02,7.20e-02,-1.20e-01,
139,1.60e-01,4.00e-02,6.40e-02,-1.28e-01,
140,1.60e-01,4.80e-02,6.40e-02,-1.28e-01,
141,0.00e+00,4.00e-02,7.20e-02,-1.12e-01,
142,0.00e+00,4.80e-02,7.20e-02,-1.12e-01,
143,1.60e-01,3.20e-02,6.40e-02,-1.28e-01,
144,1.60e-01,4.00e-02,7.20e-02,-1.20e-01,
145,0.00e+00,3.20e-02,5.60e-02,-1.28e-01,
146,0.00e+00,3.20e-02,5.60e-02,-1.28e-01,
147,1.60e-01,4.00e-02,6.40e-02,-1.20e-01,
148,0.00e+00,4.00e-02,5.60e-02,-1.28e-01,
149,1.60e-01,3.20e-02,6.40e-02,-1.20e-01,
150,0.00e+00,4.00e-02,6.40e-02,-1.20e-01,
151,1.60e-01,3.20e-02,4.80e-02,-1.28e-01,
152,1.60e-01,4.00e-02,4.80e-02,-1.28e-01,
153,0.00e+00,3.20e-02,5.60e-02,-1.20e-01,
154,0.00e+00,4.00e-02,5.60e-02,-1.28e-01,
155,1.60e-01,2.40e-02,4.00e-02,-1.20e-01,
156,0.00e+00,2.40e-02,4.00e-02,-1.20e-01,
157,1.60e-01,3.20e-02,4.80e-02,-1.36e-01,
158,0.00e+00,3.20e-02,4.00e-02,-1.36e-01,
159,1.60e-01,2.40e-02,2.40e-02,-1.28e-01,
160,0.00e+00,3.20e-02,2.40e-02,-1.36e-01,
161,8.00e-02,2.40e-02,3.20e-02,-1.28e-01,
162,0.00e+00,3.20e-02,3.20e-02,-1.28e-01,
163,8.00e-02,1.60e-02,1.60e-02,-1.44e-01,
164,8.00e-02,1.60e-02,2.40e-02,-1.44e-01,
165,0.00e+00,2.40e-02,1.60e-02,-1.44e-01,
166,0.00e+00,1.60e-02,2.40e-02,-1.36e-01,
167,0.00e+00,2.40e-02,8.00e-03,-1.60e-01,
168,0.00e+00,1.60e-02,1.60e-02,-1.52e-01,
169,8.00e-02,8.00e-03,0.00e+00,-1.60e-01,
170,0.00e+00,8.00e-03,8.00e-03,-1.52e-01,
171,0.00e+00,8.00e-03,-8.00e-03,-1.68e-01,
172,0.00e+00,8.00e-03,-8.00e-03,-1.60e-01,
173,8.00e-02,0.00e+00,-8.00e-03,-1.68e-01,
174,0.00e+00,0.00e+00,-8.00e-03,-1.60e-01,
175,8.00e-02,-8.00e-03,-2.40e-02,-1.76e-01,
176,8.00e-02,0.00e+00,-1.60e-02,-1.76e-01,
177,0.00e+00,-8.00e-03,-3.20e-02,-1.60e-01,
178,0.00e+00,0.00e+00,-2.40e-02,-1.76e-01,
179,8.00e-02,-1.60e-02,-3.20e-02,-1.68e-01,
180,8.00e-02,-8.00e-03,-2.40e-02,-1.76e-01,
181,0.00e+00,-1.60e-02,-4.00e-02,-1.68e-01,
182,0.00e+00,-2.40e-02,-3.20e-02,-1.76e-01,
183,8.00e-02,-8.00e-03,-4.80e-02,-1.60e-01,
184,0.00e+00,-2.40e-02,-4.80e-02,-1.68e-01,
185,8.00e-02,-1.60e-02,-4.00e-02,-1.60e-01,
186,0.00e+00,-3.20e-02,-4.00e-02,-1.68e-01,
187,8.00e-02,-1.60e-02,-5.60e-02,-1.52e-01,
188,8.00e-02,-3.20e-02,-5.60e-02,-1.52e-01,
189,0.00e+00,-2.40e-02,-5.60e-02,-1.36e-01,
190,0.00e+00,-4.00e-02,-5.60e-02,-1.36e-01,
191,8.00e-02,-4.00e-02,-4.80e-02,-1.20e-01,
192,0.00e+00,-3.20e-02,-5.60e-02,-1.20e-01,
193,8.00e-02,-4.80e-02,-5.60e-02,-1.04e-01,
194,8.00e-02,-4.80e-02,-5.60e-02,-9.60e-02,
195,-1.60e-01,-5.60e-02,-7.20e-02,-7.20e-02,
196,-8.00e-02,-4.80e-02,-4.80e-02,-7.20e-02,
197,8.00e-02,-6.40e-02,-7.20e-02,-4.80e-02,
198,0.00e+00,-6.40e-02,-5.60e-02,-4.00e-02,
199,-1.60e-01,-5.60e-02,-4.80e-02,-8.00e-03,
200,0.00e+00,-5.60e-02,-5.60e-02,-8.00e-03,
201,-1.60e-01,-7.20e-02,-5.60e-02,3.20e-02,
202,-1.60e-01,-6.40e-02,-5.60e-02,3.20e-02,
203,8.00e-02,-8.00e-02,-5.60e-02,8.00e-02,
204,8.00e-02,-7.20e-02,-5.60e-02,7.20e-02,
205,-1.60e-01,-8.00e-02,-4.00e-02,1.20e-01,
206,-1.60e-01,-7.20e-02,-4.80e-02,1.20e-01,
207,8.00e-02,-8.80e-02,-4.00e-02,1.76e-01,
208,8.00e-02,-8.80e-02,-4.80e-02,1.68e-01,
209,-1.60e-01,-8.80e-02,-3.20e-02,2.32e-01,
210,8.00e-02,-8.80e-02,-4.00e-02,2.32e-01,
211,-1.60e-01,-1.04e-01,-3.20e-02,2.72e-01,
212,-1.60e-01,-1.04e-01,-4.00e-02,2.72e-01,
213,8.00e-02,-9.60e-02,-3.20e-02,3.28e-01,
214,0.00e+00,-9.60e-02,-4.00e-02,3.28e-01,
215,8.00e-02,-1.12e-01,-2.40e-02,3.76e-01,
216,0.00e+00,-9.60e-02,-2.40e-02,3.68e-01,
217,8.00e-02,-1.12e-01,-3.20e-02,4.16e-01,
218,0.00e+00,-9.60e-02,-3.20e-02,4.08e-01,
219,8.00e-02,-1.12e-01,-2.40e-02,4.48e-01,
220,0.00e+00,-1.04e-01,-2.40e-02,4.48e-01,
221,8.00e-02,-1.12e-01,-1.60e-02,4.72e-01,
222,0.00e+00,-1.12e-01,-1.60e-02,4.64e-01,
223,8.00e-02,-9.60e-02,-2.40e-02,4.96e-01,
224,0.00e+00,-1.04e-01,-1.60e-02,4.88e-01,
225,0.00e+00,-8.80e-02,-2.40e-02,5.04e-01,
226,0.00e+00,-8.80e-02,-1.60e-02,4.96e-01,
227,8.00e-02,-7.20e-02,-3.20e-02,5.04e-01,
228,8.00e-02,-8.00e-02,-3.20e-02,5.04e-01,
229,0.00e+00,-6.40e-02,-1.60e-02,4.88e-01,
230,0.00e+00,-7.20e-02,-3.20e-02,4.88e-01,
231,8.00e-02,-5.60e-02,-1.60e-02,4.72e-01,
232,0.00e+00,-6.40e-02,-1.60e-02,4.72e-01,
233,8.00e-02,-4.80e-02,-3.20e-02,4.48e-01,
234,0.00e+00,-5.60e-02,-3.20e-02,4.56e-01,
235,8.00e-02,-4.00e-02,-1.60e-02,4.32e-01,
236,0.00e+00,-4.00e-02,-2.40e-02,4.32e-01,
237,8.00e-02,-2.40e-02,-3.20e-02,4.00e-01,
238,0.00e+00,-3.20e-02,-3.20e-02,4.08e-01,
239,8.00e-02,-1.60e-02,-2.40e-02,3.68e-01,
240,0.00e+00,-2.40e-02,-2.40e-02,3.76e-01,
241,0.00e+00,-8.00e-03,-3.20e-02,3.36e-01,
242,0.00e+00,-1.60e-02,-1.60e-02,3.36e-01,
243,8.00e-02,0.00e+00,-3.20e-02,2.96e-01,
244,0.00e+00,0.00e+00,-2.40e-02,2.96e-01,
245,8.00e-02,8.00e-03,-3.20e-02,2.56e-01,
246,0.00e+00,8.00e-03,-3.20e-02,2.64e-01,
247,8.00e-02,2.40e-02,-1.60e-02,2.16e-01,
248,0.00e+00,1.60e-02,-3.20e-02,2.24e-01,
249,0.00e+00,2.40e-02,-1.60e-02,1.92e-01,
250,0.00e+00,2.40e-02,-2.40e-02,1.92e-01,
251,8.00e-02,3.20e-02,-1.60e-02,1.60e-01,
252,0.00e+00,3.20e-02,-2.40e-02,1.60e-01,
253,8.00e-02,4.00e-02,-1.60e-02,1.28e-01,
254,0.00e+00,4.00e-02,-1.60e-02,1.28e-01,
255,8.00e-02,3.20e-02,-2.40e-02,9.60e-02,
256,0.00e+00,3.20e-02,-1.60e-02,9.60e-02,
257,8.00e-02,4.80e-02,-2.40e-02,7.20e-02,
258,0.00e+00,4.80e-02,-2.40e-02,8.00e-02,
259,8.00e-02,4.00e-02,-8.00e-03,5.60e-02,
260,0.00e+00,4.80e-02,-8.00e-03,5.60e-02,
261,8.00e-02,4.00e-02,-8.00e-03,2.40e-02,
262,8.00e-02,4.80e-02,-8.00e-03,3.20e-02,
263,0.00e+00,4.00e-02,-8.00e-03,8.00e-03,
264,0.00e+00,5.60e-02,-8.00e-03,1.60e-02,
265,8.00e-02,4.00e-02,-8.00e-03,-8.00e-03,
266,0.00e+00,4.80e-02,-8.00e-03,-8.00e-03,
267,8.00e-02,5.60e-02,0.00e+00,-3.20e-02,
268,0.00e+00,5.60e-02,-8.00e-03,-2.40e-02,
269,8.00e-02,4.00e-02,-8.00e-03,-4.80e-02,
270,0.00e+00,4.00e-02,-8.00e-03,-4.80e-02,
271,8.00e-02,5.60e-02,8.00e-03,-7.20e-02,
272,0.00e+00,4.80e-02,0.00e+00,-6.40e-02,
273,8.00e-02,4.00e-02,8.00e-03,-8.00e-02,
274,0.00e+00,4.80e-02,0.00e+00,-7.20e-02,
275,8.00e-02,4.00e-02,8.00e-03,-9.60e-02,
276,0.00e+00,4.80e-02,0.00e+00,-8.80e-02,
277,8.00e-02,4.00e-02,8.00e-03,-1.12e-01,
278,0.00e+00,4.80e-02,0.00e+00,-1.04e-01,
279,8.00e-02,4.00e-02,1.60e-02,-1.20e-01,
280,0.00e+00,4.00e-02,1.60e-02,-1.12e-01,
281,0.00e+00,4.80e-02,8.00e-03,-1.36e-01,
282,0.00e+00,4.80e-02,8.00e-03,-1.36e-01,
283,0.00e+00,4.00e-02,1.60e-02,-1.28e-01,
284,0.00e+00,4.80e-02,8.00e-03,-1.44e-01,
285,8.00e-02,3.20e-02,8.00e-03,-1.36e-01,
286,8.00e-02,3.20e-02,8.00e-03,-1.44e-01,
287,0.00e+00,4.00e-02,2.40e-02,-1.60e-01,
288,0.00e+00,3.20e-02,2.40e-02,-1.52e-01,
289,8.00e-02,4.00e-02,1.60e-02,-1.60e-01,
290,0.00e+00,3.20e-02,2.40e-02,-1.52e-01,
291,8.00e-02,4.00e-02,1.60e-02,-1.68e-01,
292,8.00e-02,4.00e-02,1.60e-02,-1.60e-01,
293,0.00e+00,3.20e-02,3.20e-02,-1.68e-01,
294,0.00e+00,4.00e-02,3.20e-02,-1.60e-01,
295,8.00e-02,3.20e-02,2.40e-02,-1.76e-01,
296,8.00e-02,4.00e-02,3.20e-02,-1.60e-01,
297,0.00e+00,3.20e-02,2.40e-02,-1.76e-01,
298,0.00e+00,3.20e-02,2.40e-02,-1.76e-01,
299,8.00e-02,4.00e-02,4.00e-02,-1.68e-01,
300,8.00e-02,3.20e-02,4.00e-02,-1.76e-01,
301,0.00e+00,4.00e-02,4.00e-02,-1.68e-01,
302,0.00e+00,4.00e-02,4.00e-02,-1.68e-01,
303,8.00e-02,3.20e-02,4.00e-02,-1.76e-01,
304,8.00e-02,3.20e-02,4.00e-02,-1.68e-01,
305,0.00e+00,4.00e-02,5.60e-02,-1.76e-01,
306,0.00e+00,3.20e-02,5.60e-02,-1.76e-01,
307,0.00e+00,4.00e-02,4.80e-02,-1.68e-01,
308,0.00e+00,3.20e-02,4.80e-02,-1.76e-01,
309,8.00e-02,4.00e-02,5.60e-02,-1.60e-01,
310,8.00e-02,4.00e-02,5.60e-02,-1.60e-01,
311,0.00e+00,3.20e-02,4.80e-02,-1.76e-01,
312,0.00e+00,4.00e-02,4.80e-02,-1.68e-01,
313,8.00e-02,3.20e-02,6.40e-02,-1.60e-01,
314,0.00e+00,4.00e-02,6.40e-02,-1.60e-01,
315,8.00e-02,3.20e-02,5.60e-02,-1.68e-01,
316,0.00e+00,3.20e-02,6.40e-02,-1.68e-01,
317,8.00e-02,4.80e-02,5.60e-02,-1.52e-01,
318,0.00e+00,3.20e-02,5.60e-02,-1.52e-01,
319,8.00e-02,4.80e-02,7.20e-02,-1.68e-01,
320,0.00e+00,3.20e-02,7.20e-02,-1.52e-01,
321,8.00e-02,4.00e-02,6.40e-02,-1.60e-01,
322,0.00e+00,4.00e-02,6.40e-02,-1.44e-01,
323,8.00e-02,3.20e-02,7.20e-02,-1.60e-01,
324,8.00e-02,4.00e-02,6.40e-02,-1.44e-01,
325,0.00e+00,3.20e-02,7.20e-02,-1.44e-01,
326,0.00e+00,4.00e-02,7.20e-02,-1.44e-01,
327,8.00e-02,4.80e-02,6.40e-02,-1.44e-01,
328,0.00e+00,4.80e-02,7.20e-02,-1.44e-01,
329,8.00e-02,4.00e-02,6.40e-02,-1.28e-01,
330,0.00e+00,4.80e-02,7.20e-02,-1.36e-01,
331,8.00e-02,4.00e-02,6.40e-02,-1.28e-01,
332,0.00e+00,4.00e-02,6.40e-02,-1.36e-01,
333,1.60e-01,4.80e-02,7.20e-02,-1.28e-01,
334,0.00e+00,4.80e-02,6.40e-02,-1.36e-01,
335,1.60e-01,4.00e-02,7.20e-02,-1.20e-01,
336,0.00e+00,4.80e-02,7.20e-02,-1.20e-01,
337,1.60e-01,4.00e-02,6.40e-02,-1.28e-01,
338,0.00e+00,4.80e-02,6.40e-02,-1.20e-01,
339,1.60e-01,4.00e-02,7.20e-02,-1.28e-01,
340,0.00e+00,4.00e-02,7.20e-02,-1.28e-01,
341,1.60e-01,4.80e-02,6.40e-02,-1.12e-01,
342,0.00e+00,4.80e-02,6.40e-02,-1.12e-01,
343,1.60e-01,4.00e-02,7.20e-02,-1.28e-01,
344,0.00e+00,4.80e-02,7.20e-02,-1.20e-01,
345,1.60e-01,3.20e-02,5.60e-02,-1.28e-01,
346,0.00e+00,4.00e-02,5.60e-02,-1.20e-01,
347,1.60e-01,3.20e-02,6.40e-02,-1.28e-01,
348,1.60e-01,4.00e-02,6.40e-02,-1.20e-01,
349,0.00e+00,3.20e-02,5.60e-02,-1.28e-01,
350,0.00e+00,4.00e-02,6.40e-02,-1.28e-01,
351,1.60e-01,3.20e-02,5.60e-02,-1.20e-01,
352,1.60e-01,3.20e-02,5.60e-02,-1.20e-01,
353,0.00e+00,4.00e-02,4.80e-02,-1.28e-01,
354,0.00e+00,3.20e-02,5.60e-02,-1.20e-01,
355,1.60e-01,4.00e-02,4.00e-02,-1.28e-01,
356,0.00e+00,4.00e-02,4.00e-02,-1.20e-01,
357,1.60e-01,2.40e-02,4.00e-02,-1.36e-01,
358,0.00e+00,3.20e-02,4.00e-02,-1.20e-01,
359,8.00e-02,2.40e-02,4.00e-02,-1.36e-01,
360,0.00e+00,3.20e-02,3.20e-02,-1.36e-01,
361,8.00e-02,2.40e-02,2.40e-02,-1.28e-01,
362,0.00e+00,3.20e-02,3.20e-02,-1.28e-01,
363,8.00e-02,1.60e-02,1.60e-02,-1.44e-01,
364,0.00e+00,1.60e-02,2.40e-02,-1.44e-01,
365,8.00e-02,2.40e-02,1.60e-02,-1.28e-01,
366,0.00e+00,1.60e-02,2.40e-02,-1.44e-01,
367,8.00e-02,2.40e-02,8.00e-03,-1.52e-01,
368,0.00e+00,2.40e-02,1.60e-02,-1.52e-01,
369,8.00e-02,8.00e-03,0.00e+00,-1.60e-01,
370,8.00e-02,8.00e-03,0.00e+00,-1.52e-01,
371,0.00e+00,8.00e-03,8.00e-03,-1.68e-01,
372,8.00e-02,8.00e-03,-8.00e-03,-1.68e-01,
373,0.00e+00,-8.00e-03,0.00e+00,-1.60e-01,
374,0.00e+00,-8.00e-03,-8.00e-03,-1.60e-01,
375,8.00e-02,0.00e+00,-2.40e-02,-1.76e-01,
376,0.00e+00,-8.00e-03,-1.60e-02,-1.68e-01,
377,0.00e+00,0.00e+00,-3.20e-02,-1.76e-01,
378,0.00e+00,0.00e+00,-2.40e-02,-1.68e-01,
379,0.00e+00,-1.60e-02,-3.20e-02,-1.76e-01,
380,0.00e+00,-8.00e-03,-2.40e-02,-1.68e-01,
381,8.00e-02,-2.40e-02,-4.00e-02,-1.76e-01,
382,0.00e+00,-1.60e-02,-3.20e-02,-1.76e-01,
383,8.00e-02,-2.40e-02,-4.80e-02,-1.60e-01,
384,0.00e+00,-1.60e-02,-4.80e-02,-1.68e-01,
385,8.00e-02,-3.20e-02,-4.00e-02,-1.60e-01,
386,0.00e+00,-2.40e-02,-4.00e-02,-1.68e-01,
387,8.00e-02,-3.20e-02,-5.60e-02,-1.52e-01,
388,0.00e+00,-2.40e-02,-5.60e-02,-1.60e-01,
389,0.00e+00,-4.00e-02,-4.80e-02,-1.44e-01,
390,0.00e+00,-4.00e-02,-5.60e-02,-1.36e-01,
391,8.00e-02,-4.00e-02,-5.60e-02,-1.20e-01,
392,8.00e-02,-3.20e-02,-5.60e-02,-1.20e-01,
393,-8.00e-02,-4.80e-02,-6.40e-02,-1.04e-01,
394,-1.60e-01,-4.80e-02,-5.60e-02,-9.60e-02,
395,8.00e-02,-5.60e-02,-7.20e-02,-7.20e-02,
396,-1.60e-01,-4.80e-02,-5.60e-02,-8.00e-02,
397,8.00e-02,-6.40e-02,-7.20e-02,-4.80e-02,
398,-1.60e-01,-6.40e-02,-6.40e-02,-4.80e-02,
399,8.00e-02,-5.60e-02,-4.80e-02,-8.00e-03,
400,0.00e+00,-5.60e-02,-5.60e-02,-8.00e-03,
401,-1.60e-01,-7.20e-02,-5.60e-02,3.20e-02,
402,-1.60e-01,-6.40e-02,-5.60e-02,3.20e-02,
403,8.00e-02,-8.00e-02,-5.60e-02,8.00e-02,
404,8.00e-02,-6.40e-02,-5.60e-02,7.20e-02,
405,-1.60e-01,-8.00e-02,-4.00e-02,1.28e-01,
406,8.00e-02,-7.20e-02,-4.80e-02,1.28e-01,
407,-1.60e-01,-8.80e-02,-4.00e-02,1.76e-01,
408,8.00e-02,-8.80e-02,-4.80e-02,1.68e-01,
409,-1.60e-01,-8.00e-02,-3.20e-02,2.24e-01,
410,-1.60e-01,-8.00e-02,-4.00e-02,2.32e-01,
411,8.00e-02,-1.04e-01,-3.20e-02,2.80e-01,
412,0.00e+00,-9.60e-02,-3.20e-02,2.80e-01,
413,8.00e-02,-1.04e-01,-4.00e-02,3.28e-01,
414,0.00e+00,-9.60e-02,-2.40e-02,3.28e-01,
415,8.00e-02,-1.12e-01,-3.20e-02,3.76e-01,
416,0.00e+00,-9.60e-02,-3.20e-02,3.76e-01,
417,8.00e-02,-1.12e-01,-2.40e-02,4.16e-01,
418,0.00e+00,-1.12e-01,-3.20e-02,4.08e-01,
419,8.00e-02,-1.04e-01,-1.60e-02,4.56e-01,
420,0.00e+00,-1.12e-01,-2.40e-02,4.48e-01,
421,8.00e-02,-1.04e-01,-1.60e-02,4.80e-01,
422,0.00e+00,-1.12e-01,-1.60e-02,4.80e-01,
423,8.00e-02,-9.60e-02,-2.40e-02,4.88e-01,
424,8.00e-02,-1.04e-01,-1.60e-02,4.88e-01,
425,0.00e+00,-8.80e-02,-2.40e-02,5.04e-01,
426,0.00e+00,-9.60e-02,-1.60e-02,4.96e-01,
427,8.00e-02,-7.20e-02,-2.40e-02,5.04e-01,
428,0.00e+00,-8.00e-02,-1.60e-02,5.04e-01,
429,0.00e+00,-6.40e-02,-3.20e-02,4.88e-01,
430,0.00e+00,-7.20e-02,-1.60e-02,4.96e-01,
431,8.00e-02,-5.60e-02,-3.20e-02,4.72e-01,
432,0.00e+00,-6.40e-02,-1.60e-02,4.72e-01,
433,8.00e-02,-4.80e-02,-2.40e-02,4.48e-01,
434,0.00e+00,-5.60e-02,-1.60e-02,4.48e-01,
435,8.00e-02,-4.00e-02,-3.20e-02,4.32e-01,
436,0.00e+00,-4.00e-02,-2.40e-02,4.32e-01,
437,8.00e-02,-2.40e-02,-3.20e-02,4.00e-01,
438,0.00e+00,-3.20e-02,-2.40e-02,4.08e-01,
439,8.00e-02,-1.60e-02,-3.20e-02,3.76e-01,
440,0.00e+00,-2.40e-02,-2.40e-02,3.76e-01,
441,8.00e-02,-8.00e-03,-3.20e-02,3.36e-01,
442,8.00e-02,-1.60e-02,-3.20e-02,3.36e-01,
443,0.00e+00,0.00e+00,-2.40e-02,2.96e-01,
444,0.00e+00,-8.00e-03,-2.40e-02,2.96e-01,
445,8.00e-02,8.00e-03,-3.20e-02,2.56e-01,
446,8.00e-02,8.00e-03,-2.40e-02,2.56e-01,
447,0.00e+00,2.40e-02,-3.20e-02,2.16e-01,
448,8.00e-02,1.60e-02,-1.60e-02,2.24e-01,
449,0.00e+00,3.20e-02,-3.20e-02,1.92e-01,
450,0.00e+00,3.20e-02,-2.40e-02,1.92e-01,
451,8.00e-02,2.40e-02,-1.60e-02,1.60e-01,
452,0.00e+00,2.40e-02,-1.60e-02,1.60e-01,
453,8.00e-02,4.00e-02,-2.40e-02,1.20e-01,
454,0.00e+00,3.20e-02,-1.60e-02,1.28e-01,
455,8.00e-02,4.00e-02,-2.40e-02,1.04e-01,
456,0.00e+00,3.20e-02,-1.60e-02,9.60e-02,
457,8.00e-02,4.80e-02,-2.40e-02,7.20e-02,
458,0.00e+00,4.80e-02,-2.40e-02,8.00e-02,
459,0.00e+00,4.00e-02,-8.00e-03,5.60e-02,
460,0.00e+00,4.80e-02,-8.00e-03,6.40e-02,
461,0.00e+00,4.00e-02,-8.00e-03,3.20e-02,
462,8.00e-02,4.00e-02,-8.00e-03,4.00e-02,
463,0.00e+00,5.60e-02,-8.00e-03,8.00e-03,
464,0.00e+00,5.60e-02,-8.00e-03,8.00e-03,
465,8.00e-02,4.80e-02,-8.00e-03,-1.60e-02,
466,0.00e+00,5.60e-02,-8.00e-03,-8.00e-03,
467,8.00e-02,4.00e-02,-8.00e-03,-3.20e-02,
468,0.00e+00,5.60e-02,-8.00e-03,-2.40e-02,
469,8.00e-02,4.80e-02,8.00e-03,-4.80e-02,
470,0.00e+00,5.60e-02,0.00e+00,-4.80e-02,
471,0.00e+00,4.00e-02,8.00e-03,-7.20e-02,
472,8.00e-02,5.60e-02,8.00e-03,-6.40e-02,
473,0.00e+00,4.00e-02,0.00e+00,-8.00e-02,
474,0.00e+00,4.80e-02,0.00e+00,-7.20e-02,
475,8.00e-02,4.00e-02,8.00e-03,-9.60e-02,
476,0.00e+00,4.80e-02,0.00e+00,-9.60e-02,
477,8.00e-02,4.00e-02,1.60e-02,-1.12e-01,
478,0.00e+00,4.80e-02,1.60e-02,-1.04e-01,
479,8.00e-02,4.00e-02,8.00e-03,-1.20e-01,
480,0.00e+00,4.80e-02,8.00e-03,-1.20e-01,
481,8.00e-02,4.00e-02,1.60e-02,-1.28e-01,
482,8.00e-02,4.80e-02,8.00e-03,-1.20e-01,
483,0.00e+00,4.00e-02,1.60e-02,-1.36e-01,
484,0.00e+00,4.80e-02,8.00e-03,-1.28e-01,
485,8.00e-02,4.00e-02,1.60e-02,-1.44e-01,
486,0.00e+00,4.80e-02,8.00e-03,-1.44e-01,
487,0.00e+00,3.20e-02,2.40e-02,-1.52e-01,
488,0.00e+00,4.00e-02,2.40e-02,-1.52e-01,
489,8.00e-02,3.20e-02,1.60e-02,-1.60e-01,
490,0.00e+00,4.00e-02,2.40e-02,-1.52e-01,
491,8.00e-02,3.20e-02,1.60e-02,-1.68e-01,
492,8.00e-02,4.00e-02,1.60e-02,-1.60e-01,
493,0.00e+00,3.20e-02,3.20e-02,-1.68e-01,
494,0.00e+00,4.00e-02,3.20e-02,-1.60e-01,
495,8.00e-02,3.20e-02,2.40e-02,-1.68e-01,
496,0.00e+00,4.00e-02,3.20e-02,-1.76e-01,
497,8.00e-02,3.20e-02,3.20e-02,-1.68e-01,
498,8.00e-02,3.20e-02,2.40e-02,-1.76e-01,
499,0.00e+00,4.00e-02,4.00e-02,-1.68e-01,
500,0.00e+00,3.20e-02,4.00e-02,-1.68e-01,
501,8.00e-02,4.00e-02,4.00e-02,-1.76e-01,
502,0.00e+00,3.20e-02,4.00e-02,-1.68e-01,
503,8.00e-02,4.00e-02,4.80e-02,-1.76e-01,
504,0.00e+00,3.20e-02,4.00e-02,-1.68e-01,
505,8.00e-02,4.00e-02,4.00e-02,-1.76e-01,
506,0.00e+00,4.00e-02,4.00e-02,-1.76e-01,
507,8.00e-02,3.20e-02,5.60e-02,-1.60e-01,
508,0.00e+00,3.20e-02,4.80e-02,-1.76e-01,
509,8.00e-02,4.00e-02,5.60e-02,-1.60e-01,
510,0.00e+00,4.00e-02,5.60e-02,-1.68e-01,
511,8.00e-02,3.20e-02,4.80e-02,-1.60e-01,
512,0.00e+00,3.20e-02,4.80e-02,-1.60e-01,
513,8.00e-02,4.00e-02,6.40e-02,-1.68e-01,
514,0.00e+00,4.00e-02,5.60e-02,-1.68e-01,
515,8.00e-02,3.20e-02,6.40e-02,-1.60e-01,
516,0.00e+00,3.20e-02,5.60e-02,-1.68e-01,
517,8.00e-02,4.00e-02,6.40e-02,-1.52e-01,
518,0.00e+00,4.00e-02,5.60e-02,-1.52e-01,
519,8.00e-02,3.20e-02,6.40e-02,-1.60e-01,
520,0.00e+00,4.00e-02,7.20e-02,-1.52e-01,
521,8.00e-02,3.20e-02,5.60e-02,-1.52e-01,
522,0.00e+00,4.00e-02,7.20e-02,-1.52e-01,
523,0.00e+00,3.20e-02,6.40e-02,-1.36e-01,
524,0.00e+00,3.20e-02,7.20e-02,-1.44e-01,
525,8.00e-02,4.80e-02,6.40e-02,-1.44e-01,
526,0.00e+00,4.80e-02,6.40e-02,-1.44e-01,
527,8.00e-02,4.00e-02,7.20e-02,-1.36e-01,
528,0.00e+00,4.80e-02,6.40e-02,-1.44e-01,
529,8.00e-02,4.00e-02,7.20e-02,-1.28e-01,
530,8.00e-02,4.80e-02,6.40e-02,-1.36e-01,
531,0.00e+00,4.00e-02,7.20e-02,-1.28e-01,
532,0.00e+00,4.80e-02,7.20e-02,-1.36e-01,
533,8.00e-02,4.00e-02,6.40e-02,-1.28e-01,
534,0.00e+00,4.80e-02,6.40e-02,-1.36e-01,
535,8.00e-02,4.00e-02,7.20e-02,-1.20e-01,
536,0.00e+00,4.00e-02,7.20e-02,-1.20e-01,
537,1.60e-01,4.80e-02,6.40e-02,-1.28e-01,
538,0.00e+00,4.80e-02,6.40e-02,-1.20e-01,
539,1.60e-01,4.00e-02,7.20e-02,-1.28e-01,
540,0.00e+00,4.80e-02,7.20e-02,-1.12e-01,
541,1.60e-01,4.00e-02,6.40e-02,-1.28e-01,
542,0.00e+00,4.00e-02,7.20e-02,-1.12e-01,
543,1.60e-01,4.80e-02,6.40e-02,-1.28e-01,
544,0.00e+00,4.80e-02,7.20e-02,-1.28e-01,
545,1.60e-01,3.20e-02,5.60e-02,-1.12e-01,
546,1.60e-01,4.00e-02,5.60e-02,-1.28e-01,
547,0.00e+00,3.20e-02,6.40e-02,-1.28e-01,
548,1.60e-01,4.00e-02,6.40e-02,-1.20e-01,
549,0.00e+00,3.20e-02,5.60e-02,-1.28e-01,
550,0.00e+00,3.20e-02,6.40e-02,-1.28e-01,
551,1.60e-01,4.00e-02,4.80e-02,-1.20e-01,
552,0.00e+00,3.20e-02,4.80e-02,-1.28e-01,
553,1.60e-01,4.00e-02,5.60e-02,-1.20e-01,
554,0.00e+00,4.00e-02,5.60e-02,-1.28e-01,
555,8.00e-02,3.20e-02,4.00e-02,-1.20e-01,
556,0.00e+00,4.00e-02,4.00e-02,-1.36e-01,
557,1.60e-01,2.40e-02,4.00e-02,-1.20e-01,
558,0.00e+00,3.20e-02,4.00e-02,-1.36e-01,
559,8.00e-02,2.40e-02,4.00e-02,-1.28e-01,
560,0.00e+00,2.40e-02,4.00e-02,-1.36e-01,
561,8.00e-02,3.20e-02,2.40e-02,-1.28e-01,
562,8.00e-02,2.40e-02,3.20e-02,-1.28e-01,
563,0.00e+00,3.20e-02,1.60e-02,-1.44e-01,
564,0.00e+00,2.40e-02,2.40e-02,-1.44e-01,
565,8.00e-02,1.60e-02,1.60e-02,-1.36e-01,
566,0.00e+00,1.60e-02,2.40e-02,-1.44e-01,
567,8.00e-02,2.40e-02,8.00e-03,-1.60e-01,
568,0.00e+00,2.40e-02,1.60e-02,-1.60e-01,
569,0.00e+00,8.00e-03,0.00e+00,-1.52e-01,
570,0.00e+00,8.00e-03,8.00e-03,-1.52e-01,
571,8.00e-02,8.00e-03,-8.00e-03,-1.68e-01,
572,8.00e-02,8.00e-03,-8.00e-03,-1.68e-01,
573,0.00e+00,8.00e-03,-8.00e-03,-1.60e-01,
574,0.00e+00,8.00e-03,-8.00e-03,-1.68e-01,
575,8.00e-02,-8.00e-03,-2.40e-02,-1.60e-01,
576,0.00e+00,0.00e+00,-1.60e-02,-1.76e-01,
577,8.00e-02,-8.00e-03,-3.20e-02,-1.60e-01,
578,0.00e+00,0.00e+00,-3.20e-02,-1.76e-01,
579,8.00e-02,-1.60e-02,-2.40e-02,-1.68e-01,
580,0.00e+00,-8.00e-03,-2.40e-02,-1.68e-01,
581,8.00e-02,-2.40e-02,-4.00e-02,-1.76e-01,
582,0.00e+00,-1.60e-02,-3.20e-02,-1.76e-01,
583,8.00e-02,-2.40e-02,-4.80e-02,-1.60e-01,
584,0.00e+00,-2.40e-02,-4.00e-02,-1.68e-01,
585,8.00e-02,-1.60e-02,-4.80e-02,-1.60e-01,
586,0.00e+00,-3.20e-02,-4.00e-02,-1.60e-01,
587,8.00e-02,-2.40e-02,-5.60e-02,-1.52e-01,
588,8.00e-02,-2.40e-02,-5.60e-02,-1.52e-01,
589,0.00e+00,-4.00e-02,-5.60e-02,-1.36e-01,
590,8.00e-02,-4.00e-02,-5.60e-02,-1.36e-01,
591,0.00e+00,-4.00e-02,-5.60e-02,-1.20e-01,
592,0.00e+00,-3.20e-02,-5.60e-02,-1.28e-01,
593,8.00e-02,-5.60e-02,-4.80e-02,-1.04e-01,
594,0.00e+00,-4.80e-02,-5.60e-02,-9.60e-02,
595,8.00e-02,-5.60e-02,-5.60e-02,-7.20e-02,
596,8.00e-02,-4.80e-02,-5.60e-02,-8.00e-02,
597,-8.00e-02,-6.40e-02,-7.20e-02,-4.80e-02,
598,8.00e-02,-5.60e-02,-6.40e-02,-4.00e-02,
599,-1.60e-01,-6.40e-02,-4.80e-02,-8.00e-03,
600,8.00e-02,-5.60e-02,-5.60e-02,-8.00e-03,
601,-1.60e-01,-7.20e-02,-5.60e-02,3.20e-02,
602,0.00e+00,-6.40e-02,-5.60e-02,4.00e-02,
603,-1.60e-01,-8.00e-02,-4.80e-02,8.00e-02,
604,0.00e+00,-8.00e-02,-5.60e-02,8.00e-02,
605,-1.60e-01,-7.20e-02,-4.80e-02,1.28e-01,
606,-1.60e-01,-7.20e-02,-4.80e-02,1.20e-01,
607,8.00e-02,-8.80e-02,-4.00e-02,1.76e-01,
608,-1.60e-01,-8.00e-02,-4.00e-02,1.68e-01,
609,8.00e-02,-9.60e-02,-4.80e-02,2.32e-01,
610,8.00e-02,-8.80e-02,-4.80e-02,2.32e-01,
611,-8.00e-02,-1.04e-01,-3.20e-02,2.80e-01,
612,8.00e-02,-9.60e-02,-4.00e-02,2.80e-01,
613,-8.00e-02,-9.60e-02,-3.20e-02,3.28e-01,
614,0.00e+00,-9.60e-02,-4.00e-02,3.28e-01,
615,8.00e-02,-1.12e-01,-2.40e-02,3.76e-01,
616,0.00e+00,-1.12e-01,-2.40e-02,3.76e-01,
617,8.00e-02,-1.04e-01,-3.20e-02,4.16e-01,
618,0.00e+00,-1.12e-01,-2.40e-02,4.16e-01,
619,8.00e-02,-1.04e-01,-3.20e-02,4.56e-01,
620,0.00e+00,-1.12e-01,-3.20e-02,4.48e-01,
621,8.00e-02,-1.04e-01,-1.60e-02,4.72e-01,
622,0.00e+00,-1.12e-01,-1.60e-02,4.72e-01,
623,8.00e-02,-9.60e-02,-2.40e-02,4.96e-01,
624,0.00e+00,-1.04e-01,-1.60e-02,4.88e-01,
625,8.00e-02,-8.80e-02,-2.40e-02,5.04e-01,
626,0.00e+00,-9.60e-02,-2.40e-02,4.96e-01,
627,8.00e-02,-7.20e-02,-3.20e-02,5.04e-01,
628,8.00e-02,-8.00e-02,-2.40e-02,4.96e-01,
629,0.00e+00,-6.40e-02,-3.20e-02,4.88e-01,
630,8.00e-02,-7.20e-02,-3.20e-02,4.88e-01,
631,0.00e+00,-5.60e-02,-1.60e-02,4.72e-01,
632,8.00e-02,-6.40e-02,-3.20e-02,4.80e-01,
633,0.00e+00,-4.80e-02,-1.60e-02,4.48e-01,
634,0.00e+00,-5.60e-02,-2.40e-02,4.56e-01,
635,0.00e+00,-4.00e-02,-3.20e-02,4.24e-01,
636,0.00e+00,-4.00e-02,-2.40e-02,4.32e-01,
637,0.00e+00,-3.20e-02,-3.20e-02,4.00e-01,
638,0.00e+00,-3.20e-02,-3.20e-02,4.08e-01,
639,8.00e-02,-1.60e-02,-2.40e-02,3.68e-01,
640,0.00e+00,-2.40e-02,-2.40e-02,3.68e-01,
641,8.00e-02,-8.00e-03,-3.20e-02,3.36e-01,
642,8.00e-02,-1.60e-02,-3.20e-02,3.36e-01,
643,0.00e+00,0.00e+00,-2.40e-02,2.96e-01,
644,8.00e-02,-8.00e-03,-3.20e-02,2.96e-01,
645,0.00e+00,8.00e-03,-2.40e-02,2.56e-01,
646,0.00e+00,8.00e-03,-2.40e-02,2.64e-01,
647,0.00e+00,1.60e-02,-3.20e-02,2.24e-01,
648,0.00e+00,1.60e-02,-2.40e-02,2.24e-01,
649,0.00e+00,3.20e-02,-3.20e-02,1.92e-01,
650,0.00e+00,2.40e-02,-1.60e-02,1.92e-01,
651,8.00e-02,3.20e-02,-3.20e-02,1.60e-01,
652,0.00e+00,2.40e-02,-1.60e-02,1.68e-01,
653,8.00e-02,4.00e-02,-2.40e-02,1.28e-01,
654,0.00e+00,4.00e-02,-1.60e-02,1.28e-01,
655,8.00e-02,3.20e-02,-2.40e-02,1.04e-01,
656,0.00e+00,3.20e-02,-1.60e-02,9.60e-02,
657,8.00e-02,4.80e-02,-2.40e-02,7.20e-02,
658,0.00e+00,4.80e-02,-1.60e-02,8.00e-02,
659,8.00e-02,4.00e-02,-2.40e-02,5.60e-02,
660,0.00e+00,4.00e-02,-1.60e-02,5.60e-02,
661,8.00e-02,4.80e-02,-8.00e-03,3.20e-02,
662,0.00e+00,4.80e-02,-8.00e-03,3.20e-02,
663,0.00e+00,4.00e-02,-8.00e-03,8.00e-03,
664,0.00e+00,4.80e-02,-8.00e-03,1.60e-02,
665,8.00e-02,4.00e-02,-8.00e-03,-1.60e-02,
666,0.00e+00,4.80e-02,-8.00e-03,-8.00e-03,
667,8.00e-02,4.00e-02,0.00e+00,-3.20e-02,
668,0.00e+00,4.80e-02,-8.00e-03,-2.40e-02,
669,8.00e-02,4.00e-02,-8.00e-03,-4.80e-02,
670,0.00e+00,4.80e-02,-8.00e-03,-4.80e-02,
671,8.00e-02,4.00e-02,8.00e-03,-7.20e-02,
672,0.00e+00,4.80e-02,0.00e+00,-6.40e-02,
673,0.00e+00,4.00e-02,8.00e-03,-8.00e-02,
674,0.00e+00,4.80e-02,0.00e+00,-7.20e-02,
675,8.00e-02,4.00e-02,8.00e-03,-9.60e-02,
676,0.00e+00,4.80e-02,8.00e-03,-9.60e-02,
677,8.00e-02,4.00e-02,0.00e+00,-1.12e-01,
678,0.00e+00,4.00e-02,0.00e+00,-1.04e-01,
679,8.00e-02,4.80e-02,1.60e-02,-1.20e-01,
680,8.00e-02,4.80e-02,1.60e-02,-1.20e-01,
681,0.00e+00,4.00e-02,8.00e-03,-1.36e-01,
682,0.00e+00,4.00e-02,1.60e-02,-1.36e-01,
683,8.00e-02,4.80e-02,8.00e-03,-1.28e-01,
684,0.00e+00,4.80e-02,8.00e-03,-1.28e-01,
685,8.00e-02,3.20e-02,1.60e-02,-1.44e-01,
686,0.00e+00,4.00e-02,8.00e-03,-1.44e-01,
687,8.00e-02,3.20e-02,2.40e-02,-1.60e-01,
688,0.00e+00,3.20e-02,2.40e-02,-1.52e-01,
689,8.00e-02,4.00e-02,1.60e-02,-1.68e-01,
690,0.00e+00,4.00e-02,1.60e-02,-1.68e-01,
691,8.00e-02,3.20e-02,2.40e-02,-1.60e-01,
692,8.00e-02,4.00e-02,1.60e-02,-1.60e-01,
693,0.00e+00,3.20e-02,3.20e-02,-1.68e-01,
694,0.00e+00,4.00e-02,3.20e-02,-1.60e-01,
695,8.00e-02,3.20e-02,3.20e-02,-1.76e-01,
696,0.00e+00,4.00e-02,3.20e-02,-1.76e-01,
697,8.00e-02,3.20e-02,2.40e-02,-1.68e-01,
698,0.00e+00,3.20e-02,2.40e-02,-1.68e-01,
699,0.00e+00,4.00e-02,4.00e-02,-1.76e-01,
700,0.00e+00,4.00e-02,4.00e-02,-1.68e-01,
701,8.00e-02,3.20e-02,4.00e-02,-1.76e-01,
702,8.00e-02,3.20e-02,4.00e-02,-1.76e-01,
703,0.00e+00,4.00e-02,4.80e-02,-1.68e-01,
704,0.00e+00,3.20e-02,4.00e-02,-1.76e-01,
705,8.00e-02,4.00e-02,5.60e-02,-1.68e-01,
706,8.00e-02,3.20e-02,4.80e-02,-1.76e-01,
707,0.00e+00,4.00e-02,5.60e-02,-1.68e-01,
708,8.00e-02,4.00e-02,4.80e-02,-1.76e-01,
709,0.00e+00,3.20e-02,5.60e-02,-1.60e-01,
710,0.00e+00,4.00e-02,4.80e-02,-1.60e-01,
711,8.00e-02,3.20e-02,5.60e-02,-1.68e-01,
712,8.00e-02,4.00e-02,4.80e-02,-1.68e-01,
713,0.00e+00,3.20e-02,6.40e-02,-1.60e-01,
714,8.00e-02,4.00e-02,5.60e-02,-1.60e-01,
715,0.00e+00,3.20e-02,6.40e-02,-1.68e-01,
716,0.00e+00,3.20e-02,6.40e-02,-1.68e-01,
717,8.00e-02,4.80e-02,5.60e-02,-1.52e-01,
718,0.00e+00,4.80e-02,5.60e-02,-1.52e-01,
719,8.00e-02,3.20e-02,7.20e-02,-1.60e-01,
720,8.00e-02,3.20e-02,5.60e-02,-1.52e-01,
721,0.00e+00,4.00e-02,7.20e-02,-1.60e-01,
722,8.00e-02,3.20e-02,7.20e-02,-1.60e-01,
723,0.00e+00,4.00e-02,6.40e-02,-1.44e-01,
724,0.00e+00,3.20e-02,7.20e-02,-1.44e-01,
725,8.00e-02,4.80e-02,6.40e-02,-1.60e-01,
726,0.00e+00,4.80e-02,6.40e-02,-1.44e-01,
727,8.00e-02,4.00e-02,7.20e-02,-1.44e-01,
728,0.00e+00,4.80e-02,7.20e-02,-1.44e-01,
729,0.00e+00,4.00e-02,6.40e-02,-1.28e-01,
730,0.00e+00,4.80e-02,7.20e-02,-1.36e-01,
731,0.00e+00,4.00e-02,6.40e-02,-1.28e-01,
732,0.00e+00,4.00e-02,6.40e-02,-1.28e-01,
733,1.60e-01,4.80e-02,7.20e-02,-1.36e-01,
734,0.00e+00,4.80e-02,7.20e-02,-1.36e-01,
735,1.60e-01,4.00e-02,6.40e-02,-1.28e-01,
736,0.00e+00,4.00e-02,6.40e-02,-1.36e-01,
737,1.60e-01,4.80e-02,7.20e-02,-1.20e-01,
738,0.00e+00,4.00e-02,7.20e-02,-1.20e-01,
739,1.60e-01,4.80e-02,6.40e-02,-1.28e-01,
740,1.60e-01,4.80e-02,7.20e-02,-1.28e-01,
741,0.00e+00,4.00e-02,6.40e-02,-1.12e-01,
742,0.00e+00,4.80e-02,7.20e-02,-1.12e-01,
743,1.60e-01,3.20e-02,6.40e-02,-1.28e-01,
744,0.00e+00,3.20e-02,7.20e-02,-1.20e-01,
745,1.60e-01,4.00e-02,5.60e-02,-1.28e-01,
746,0.00e+00,3.20e-02,5.60e-02,-1.28e-01,
747,1.60e-01,4.00e-02,6.40e-02,-1.20e-01,
748,0.00e+00,4.00e-02,6.40e-02,-1.20e-01,
749,1.60e-01,3.20e-02,5.60e-02,-1.28e-01,
750,0.00e+00,3.20e-02,6.40e-02,-1.28e-01,
751,1.60e-01,4.00e-02,4.80e-02,-1.20e-01,
752,1.60e-01,4.00e-02,4.80e-02,-1.20e-01,
753,0.00e+00,3.20e-02,5.60e-02,-1.28e-01,
754,0.00e+00,4.00e-02,5.60e-02,-1.20e-01,
755,1.60e-01,3.20e-02,4.00e-02,-1.28e-01,
756,1.60e-01,4.00e-02,4.00e-02,-1.20e-01,
757,0.00e+00,2.40e-02,4.80e-02,-1.36e-01,
758,0.00e+00,3.20e-02,4.80e-02,-1.28e-01,
759,8.00e-02,2.40e-02,3.20e-02,-1.36e-01,
760,0.00e+00,3.20e-02,2.40e-02,-1.36e-01,
761,8.00e-02,2.40e-02,3.20e-02,-1.28e-01,
762,0.00e+00,3.20e-02,3.20e-02,-1.28e-01,
763,8.00e-02,2.40e-02,1.60e-02,-1.44e-01,
764,8.00e-02,1.60e-02,1.60e-02,-1.44e-01,
765,0.00e+00,3.20e-02,2.40e-02,-1.36e-01,
766,0.00e+00,1.60e-02,2.40e-02,-1.44e-01,
767,8.00e-02,2.40e-02,8.00e-03,-1.60e-01,
768,0.00e+00,2.40e-02,1.60e-02,-1.52e-01,
769,8.00e-02,8.00e-03,0.00e+00,-1.60e-01,
770,0.00e+00,8.00e-03,8.00e-03,-1.52e-01,
771,8.00e-02,8.00e-03,0.00e+00,-1.68e-01,
772,8.00e-02,8.00e-03,-8.00e-03,-1.60e-01,
773,0.00e+00,0.00e+00,-8.00e-03,-1.68e-01,
774,0.00e+00,0.00e+00,-8.00e-03,-1.60e-01,
775,8.00e-02,-8.00e-03,-2.40e-02,-1.76e-01,
776,0.00e+00,0.00e+00,-1.60e-02,-1.68e-01,
777,8.00e-02,-1.60e-02,-3.20e-02,-1.76e-01,
778,0.00e+00,0.00e+00,-2.40e-02,-1.76e-01,
779,8.00e-02,-1.60e-02,-3.20e-02,-1.68e-01,
780,0.00e+00,-8.00e-03,-2.40e-02,-1.68e-01,
781,0.00e+00,-2.40e-02,-4.00e-02,-1.76e-01,
782,0.00e+00,-1.60e-02,-3.20e-02,-1.76e-01,
783,8.00e-02,-2.40e-02,-4.80e-02,-1.60e-01,
784,8.00e-02,-1.60e-02,-4.00e-02,-1.68e-01,
785,0.00e+00,-3.20e-02,-4.80e-02,-1.60e-01,
786,0.00e+00,-3.20e-02,-4.00e-02,-1.68e-01,
787,8.00e-02,-2.40e-02,-5.60e-02,-1.52e-01,
788,0.00e+00,-2.40e-02,-5.60e-02,-1.60e-01,
789,8.00e-02,-4.00e-02,-4.80e-02,-1.28e-01,
790,0.00e+00,-4.00e-02,-5.60e-02,-1.36e-01,
791,8.00e-02,-3.20e-02,-5.60e-02,-1.20e-01,
792,0.00e+00,-4.00e-02,-5.60e-02,-1.28e-01,
793,8.00e-02,-4.00e-02,-7.20e-02,-1.04e-01,
794,8.00e-02,-4.80e-02,-7.20e-02,-9.60e-02,
795,-8.00e-02,-5.60e-02,-6.40e-02,-7.20e-02,
796,8.00e-02,-4.80e-02,-6.40e-02,-8.00e-02,
797,-1.60e-01,-6.40e-02,-7.20e-02,-4.80e-02,
798,8.00e-02,-6.40e-02,-6.40e-02,-4.80e-02,
799,-1.60e-01,-5.60e-02,-5.60e-02,-8.00e-03,
800,-1.60e-01,-5.60e-02,-5.60e-02,-8.00e-03,
801,8.00e-02,-7.20e-02,-5.60e-02,3.20e-02,
802,-1.60e-01,-6.40e-02,-5.60e-02,3.20e-02,
803,8.00e-02,-8.00e-02,-4.80e-02,7.20e-02,
804,-1.60e-01,-8.00e-02,-5.60e-02,7.20e-02,
805,8.00e-02,-7.20e-02,-4.80e-02,1.28e-01,
806,-1.60e-01,-8.80e-02,-4.00e-02,1.20e-01,
807,8.00e-02,-7.20e-02,-4.80e-02,1.76e-01,
808,-1.60e-01,-8.80e-02,-4.80e-02,1.76e-01,
809,8.00e-02,-8.00e-02,-3.20e-02,2.24e-01,
810,0.00e+00,-8.80e-02,-3.20e-02,2.24e-01,
811,-1.60e-01,-1.04e-01,-4.00e-02,2.80e-01,
812,0.00e+00,-9.60e-02,-3.20e-02,2.80e-01,
813,-1.60e-01,-1.04e-01,-4.00e-02,3.28e-01,
814,0.00e+00,-9.60e-02,-3.20e-02,3.28e-01,
815,8.00e-02,-1.12e-01,-2.40e-02,3.76e-01,
816,0.00e+00,-9.60e-02,-3.20e-02,3.68e-01,
817,8.00e-02,-1.12e-01,-2.40e-02,4.08e-01,
818,8.00e-02,-1.04e-01,-2.40e-02,4.16e-01,
819,0.00e+00,-1.12e-01,-3.20e-02,4.56e-01,
820,0.00e+00,-1.12e-01,-3.20e-02,4.48e-01,
821,8.00e-02,-1.04e-01,-1.60e-02,4.72e-01,
822,0.00e+00,-1.12e-01,-1.60e-02,4.80e-01,
823,8.00e-02,-9.60e-02,-2.40e-02,4.88e-01,
824,0.00e+00,-1.04e-01,-2.40e-02,4.88e-01,
825,8.00e-02,-8.80e-02,-1.60e-02,5.04e-01,
826,0.00e+00,-9.60e-02,-2.40e-02,5.04e-01,
827,0.00e+00,-7.20e-02,-3.20e-02,4.96e-01,
828,0.00e+00,-8.00e-02,-2.40e-02,5.04e-01,
829,8.00e-02,-6.40e-02,-3.20e-02,4.88e-01,
830,8.00e-02,-7.20e-02,-3.20e-02,4.88e-01,
831,0.00e+00,-5.60e-02,-1.60e-02,4.72e-01,
832,0.00e+00,-6.40e-02,-1.60e-02,4.72e-01,
833,8.00e-02,-4.80e-02,-2.40e-02,4.48e-01,
834,0.00e+00,-5.60e-02,-1.60e-02,4.56e-01,
835,8.00e-02,-4.00e-02,-3.20e-02,4.24e-01,
836,0.00e+00,-4.00e-02,-2.40e-02,4.32e-01,
837,8.00e-02,-3.20e-02,-3.20e-02,4.00e-01,
838,0.00e+00,-3.20e-02,-3.20e-02,4.08e-01,
839,8.00e-02,-1.60e-02,-2.40e-02,3.76e-01,
840,0.00e+00,-1.60e-02,-2.40e-02,3.76e-01,
841,8.00e-02,-8.00e-03,-3.20e-02,3.36e-01,
842,0.00e+00,-1.60e-02,-3.20e-02,3.36e-01,
843,8.00e-02,0.00e+00,-2.40e-02,2.96e-01,
844,0.00e+00,8.00e-03,-2.40e-02,2.96e-01,
845,8.00e-02,-8.00e-03,-3.20e-02,2.56e-01,
846,0.00e+00,8.00e-03,-3.20e-02,2.64e-01,
847,8.00e-02,2.40e-02,-1.60e-02,2.24e-01,
848,0.00e+00,1.60e-02,-3.20e-02,2.24e-01,
849,8.00e-02,3.20e-02,-1.60e-02,1.92e-01,
850,8.00e-02,2.40e-02,-1.60e-02,1.92e-01,
851,0.00e+00,4.00e-02,-2.40e-02,1.60e-01,
852,0.00e+00,4.00e-02,-2.40e-02,1.60e-01,
853,8.00e-02,3.20e-02,-1.60e-02,1.28e-01,
854,8.00e-02,3.20e-02,-1.60e-02,1.28e-01,
855,0.00e+00,4.80e-02,-2.40e-02,1.04e-01,
856,0.00e+00,4.80e-02,-1.60e-02,9.60e-02,
857,8.00e-02,4.00e-02,-2.40e-02,7.20e-02,
858,0.00e+00,4.80e-02,-8.00e-03,8.00e-02,
859,8.00e-02,4.00e-02,-2.40e-02,5.60e-02,
860,0.00e+00,4.00e-02,-8.00e-03,6.40e-02,
861,8.00e-02,5.60e-02,-8.00e-03,3.20e-02,
862,0.00e+00,4.00e-02,-8.00e-03,3.20e-02,
863,0.00e+00,5.60e-02,0.00e+00,8.00e-03,
864,0.00e+00,5.60e-02,-8.00e-03,8.00e-03,
865,8.00e-02,5.60e-02,-8.00e-03,-1.60e-02,
866,0.00e+00,5.60e-02,-8.00e-03,-8.00e-03,
867,8.00e-02,5.60e-02,-8.00e-03,-3.20e-02,
868,8.00e-02,5.60e-02,-8.00e-03,-2.40e-02,
869,0.00e+00,4.00e-02,8.00e-03,-4.80e-02,
870,8.00e-02,5.60e-02,0.00e+00,-4.80e-02,
871,0.00e+00,5.60e-02,8.00e-03,-6.40e-02,
872,0.00e+00,5.60e-02,0.00e+00,-6.40e-02,
873,8.00e-02,4.00e-02,8.00e-03,-8.00e-02,
874,0.00e+00,4.00e-02,0.00e+00,-7.20e-02,
875,8.00e-02,4.80e-02,8.00e-03,-9.60e-02,
876,0.00e+00,4.80e-02,0.00e+00,-9.60e-02,
877,8.00e-02,4.80e-02,1.60e-02,-1.12e-01,
878,0.00e+00,4.80e-02,8.00e-03,-1.04e-01,
879,8.00e-02,4.00e-02,1.60e-02,-1.20e-01,
880,0.00e+00,4.80e-02,1.60e-02,-1.28e-01,
881,8.00e-02,4.00e-02,8.00e-03,-1.20e-01,
882,0.00e+00,4.80e-02,8.00e-03,-1.20e-01,
883,8.00e-02,4.00e-02,1.60e-02,-1.36e-01,
884,8.00e-02,4.80e-02,1.60e-02,-1.28e-01,
885,0.00e+00,4.00e-02,8.00e-03,-1.44e-01,
886,0.00e+00,4.80e-02,2.40e-02,-1.44e-01,
887,8.00e-02,3.20e-02,8.00e-03,-1.52e-01,
888,0.00e+00,3.20e-02,2.40e-02,-1.60e-01,
889,8.00e-02,4.80e-02,1.60e-02,-1.52e-01,
890,0.00e+00,3.20e-02,2.40e-02,-1.52e-01,
891,8.00e-02,4.00e-02,1.60e-02,-1.68e-01,
892,0.00e+00,4.00e-02,1.60e-02,-1.60e-01,
893,0.00e+00,3.20e-02,3.20e-02,-1.68e-01,
894,0.00e+00,3.20e-02,3.20e-02,-1.60e-01,
895,0.00e+00,4.00e-02,2.40e-02,-1.76e-01,
896,0.00e+00,4.00e-02,2.40e-02,-1.76e-01,
897,8.00e-02,3.20e-02,3.20e-02,-1.68e-01,
898,8.00e-02,4.00e-02,2.40e-02,-1.68e-01,
899,0.00e+00,3.20e-02,4.00e-02,-1.76e-01,
900,0.00e+00,4.00e-02,4.00e-02,-1.76e-01,
901,8.00e-02,3.20e-02,4.00e-02,-1.68e-01,
902,0.00e+00,3.20e-02,4.00e-02,-1.76e-01,
903,8.00e-02,4.00e-02,4.00e-02,-1.68e-01,
904,8.00e-02,3.20e-02,4.00e-02,-1.76e-01,
905,0.00e+00,4.00e-02,5.60e-02,-1.68e-01,
906,0.00e+00,3.20e-02,4.80e-02,-1.68e-01,
907,8.00e-02,4.00e-02,5.60e-02,-1.76e-01,
908,0.00e+00,3.20e-02,4.80e-02,-1.76e-01,
909,0.00e+00,4.00e-02,5.60e-02,-1.60e-01,
910,0.00e+00,3.20e-02,5.60e-02,-1.60e-01,
911,8.00e-02,4.00e-02,4.80e-02,-1.76e-01,
912,0.00e+00,4.00e-02,4.80e-02,-1.60e-01,
913,8.00e-02,3.20e-02,6.40e-02,-1.68e-01,
914,8.00e-02,4.00e-02,5.60e-02,-1.60e-01,
915,0.00e+00,3.20e-02,6.40e-02,-1.68e-01,
916,0.00e+00,3.20e-02,5.60e-02,-1.68e-01,
917,8.00e-02,4.00e-02,6.40e-02,-1.52e-01,
918,0.00e+00,3.20e-02,5.60e-02,-1.60e-01,
919,8.00e-02,4.00e-02,7.20e-02,-1.52e-01,
920,8.00e-02,4.00e-02,6.40e-02,-1.52e-01,
921,0.00e+00,3.20e-02,7.20e-02,-1.60e-01,
922,0.00e+00,4.00e-02,7.20e-02,-1.44e-01,
923,8.00e-02,3.20e-02,6.40e-02,-1.60e-01,
924,0.00e+00,3.20e-02,6.40e-02,-1.44e-01,
925,8.00e-02,4.80e-02,7.20e-02,-1.44e-01,
926,0.00e+00,4.80e-02,7.20e-02,-1.44e-01,
927,8.00e-02,4.00e-02,6.40e-02,-1.36e-01,
928,0.00e+00,4.00e-02,7.20e-02,-1.44e-01,
929,8.00e-02,4.80e-02,6.40e-02,-1.28e-01,
930,0.00e+00,4.80e-02,7.20e-02,-1.36e-01,
931,8.00e-02,4.00e-02,6.40e-02,-1.28e-01,
932,0.00e+00,4.80e-02,7.20e-02,-1.36e-01,
933,1.60e-01,4.00e-02,6.40e-02,-1.28e-01,
934,0.00e+00,4.00e-02,7.20e-02,-1.36e-01,
935,1.60e-01,4.80e-02,6.40e-02,-1.20e-01,
936,0.00e+00,4.80e-02,7.20e-02,-1.28e-01,
937,1.60e-01,4.00e-02,6.40e-02,-1.20e-01,
938,0.00e+00,4.80e-02,7.20e-02,-1.28e-01,
939,1.60e-01,4.00e-02,6.40e-02,-1.20e-01,
940,1.60e-01,4.80e-02,6.40e-02,-1.28e-01,
941,0.00e+00,4.00e-02,7.20e-02,-1.12e-01,
942,0.00e+00,4.80e-02,7.20e-02,-1.12e-01,
943,1.60e-01,4.00e-02,6.40e-02,-1.28e-01,
944,0.00e+00,4.80e-02,7.20e-02,-1.28e-01,
945,1.60e-01,3.20e-02,5.60e-02,-1.20e-01,
946,0.00e+00,3.20e-02,5.60e-02,-1.28e-01,
947,1.60e-01,4.00e-02,6.40e-02,-1.20e-01,
948,0.00e+00,3.20e-02,5.60e-02,-1.28e-01,
949,1.60e-01,4.00e-02,6.40e-02,-1.20e-01,
950,0.00e+00,4.00e-02,6.40e-02,-1.28e-01,
951,1.60e-01,3.20e-02,4.80e-02,-1.20e-01,
952,1.60e-01,3.20e-02,4.80e-02,-1.28e-01,
953,0.00e+00,4.00e-02,5.60e-02,-1.20e-01,
954,0.00e+00,4.00e-02,5.60e-02,-1.20e-01,
955,1.60e-01,2.40e-02,4.00e-02,-1.28e-01,
956,0.00e+00,2.40e-02,4.80e-02,-1.20e-01,
957,8.00e-02,3.20e-02,4.00e-02,-1.36e-01,
958,0.00e+00,3.20e-02,4.00e-02,-1.28e-01,
959,8.00e-02,2.40e-02,3.20e-02,-1.36e-01,
960,0.00e+00,2.40e-02,3.20e-02,-1.36e-01,
961,8.00e-02,3.20e-02,2.40e-02,-1.28e-01,
962,0.00e+00,3.20e-02,3.20e-02,-1.28e-01,
963,8.00e-02,1.60e-02,1.60e-02,-1.44e-01,
964,0.00e+00,2.40e-02,1.60e-02,-1.44e-01,
965,8.00e-02,1.60e-02,2.40e-02,-1.36e-01,
966,0.00e+00,1.60e-02,8.00e-03,-1.36e-01,
967,8.00e-02,2.40e-02,2.40e-02,-1.52e-01,
968,0.00e+00,2.40e-02,1.60e-02,-1.52e-01,
969,0.00e+00,8.00e-03,0.00e+00,-1.52e-01,
970,0.00e+00,8.00e-03,0.00e+00,-1.52e-01,
971,8.00e-02,8.00e-03,8.00e-03,-1.68e-01,
972,0.00e+00,1.60e-02,-8.00e-03,-1.68e-01,
973,8.00e-02,-8.00e-03,0.00e+00,-1.60e-01,
974,0.00e+00,0.00e+00,-8.00e-03,-1.60e-01,
975,8.00e-02,-8.00e-03,-2.40e-02,-1.76e-01,
976,0.00e+00,0.00e+00,-1.60e-02,-1.76e-01,
977,8.00e-02,-8.00e-03,-3.20e-02,-1.60e-01,
978,0.00e+00,0.00e+00,-2.40e-02,-1.68e-01,
979,8.00e-02,-1.60e-02,-3.20e-02,-1.76e-01,
980,0.00e+00,-8.00e-03,-2.40e-02,-1.68e-01,
981,8.00e-02,-1.60e-02,-4.00e-02,-1.76e-01,
982,0.00e+00,-8.00e-03,-3.20e-02,-1.76e-01,
983,8.00e-02,-2.40e-02,-4.00e-02,-1.60e-01,
984,8.00e-02,-2.40e-02,-4.00e-02,-1.68e-01,
985,0.00e+00,-2.40e-02,-4.80e-02,-1.60e-01,
986,0.00e+00,-1.60e-02,-4.00e-02,-1.68e-01,
987,0.00e+00,-3.20e-02,-5.60e-02,-1.52e-01,
988,0.00e+00,-2.40e-02,-5.60e-02,-1.60e-01,
989,0.00e+00,-4.00e-02,-5.60e-02,-1.36e-01,
990,0.00e+00,-4.00e-02,-5.60e-02,-1.44e-01,
991,8.00e-02,-4.00e-02,-5.60e-02,-1.20e-01,
992,8.00e-02,-4.00e-02,-5.60e-02,-1.28e-01,
993,0.00e+00,-3.20e-02,-5.60e-02,-1.04e-01,
994,0.00e+00,-4.80e-02,-5.60e-02,-9.60e-02,
995,-8.00e-02,-5.60e-02,-5.60e-02,-7.20e-02,
996,8.00e-02,-4.80e-02,-5.60e-02,-8.00e-02,
997,-1.60e-01,-6.40e-02,-5.60e-02,-4.80e-02,
998,8.00e-02,-6.40e-02,-5.60e-02,-4.80e-02,
999,-1.60e-01,-5.60e-02,-5.60e-02,-1.60e-02,
1000,-1.60e-01,-5.60e-02,-5.60e-02,-8.00e-03,
1001,8.00e-02,-7.20e-02,-4.80e-02,3.20e-02,
1002,0.00e+00,-6.40e-02,-5.60e-02,3.20e-02,
1003,-1.60e-01,-7.20e-02,-5.60e-02,7.20e-02,
1004,-1.60e-01,-8.00e-02,-5.60e-02,7.20e-02,
1005,8.00e-02,-7.20e-02,-4.00e-02,1.20e-01,
1006,-1.60e-01,-7.20e-02,-4.80e-02,1.20e-01,
1007,8.00e-02,-8.80e-02,-4.00e-02,1.76e-01,
1008,-1.60e-01,-8.80e-02,-4.80e-02,1.76e-01,
1009,8.00e-02,-8.80e-02,-3.20e-02,2.24e-01,
1010,8.00e-02,-1.04e-01,-3.20e-02,2.24e-01,
1011,-1.60e-01,-8.80e-02,-4.00e-02,2.72e-01,
1012,0.00e+00,-9.60e-02,-4.00e-02,2.72e-01,
1013,0.00e+00,-1.04e-01,-2.40e-02,3.28e-01,
1014,-1.60e-01,-9.60e-02,-2.40e-02,3.20e-01,
1015,8.00e-02,-1.12e-01,-3.20e-02,3.76e-01,
1016,0.00e+00,-1.12e-01,-2.40e-02,3.76e-01,
1017,8.00e-02,-9.60e-02,-3.20e-02,4.16e-01,
1018,0.00e+00,-1.04e-01,-3.20e-02,4.08e-01,
1019,8.00e-02,-1.12e-01,-2.40e-02,4.56e-01,
1020,0.00e+00,-1.04e-01,-3.20e-02,4.48e-01,
1021,8.00e-02,-1.12e-01,-1.60e-02,4.72e-01,
1022,0.00e+00,-1.12e-01,-1.60e-02,4.72e-01,
1023,8.00e-02,-9.60e-02,-2.40e-02,4.96e-01,
1024,0.00e+00,-1.04e-01,-1.60e-02,4.88e-01,
1025,8.00e-02,-8.80e-02,-2.40e-02,5.04e-01,
1026,0.00e+00,-9.60e-02,-1.60e-02,4.96e-01,
1027,8.00e-02,-8.00e-02,-3.20e-02,5.04e-01,
1028,0.00e+00,-8.00e-02,-2.40e-02,5.04e-01,
1029,8.00e-02,-6.40e-02,-3.20e-02,4.88e-01,
1030,0.00e+00,-7.20e-02,-3.20e-02,4.88e-01,
1031,8.00e-02,-5.60e-02,-1.60e-02,4.72e-01,
1032,0.00e+00,-6.40e-02,-1.60e-02,4.80e-01,
1033,8.00e-02,-4.80e-02,-2.40e-02,4.48e-01,
1034,0.00e+00,-5.60e-02,-1.60e-02,4.48e-01,
1035,8.00e-02,-4.00e-02,-3.20e-02,4.32e-01,
1036,0.00e+00,-4.00e-02,-2.40e-02,4.32e-01,
1037,8.00e-02,-3.20e-02,-3.20e-02,4.00e-01,
1038,0.00e+00,-3.20e-02,-2.40e-02,4.08e-01,
1039,0.00e+00,-1.60e-02,-3.20e-02,3.76e-01,
1040,0.00e+00,-2.40e-02,-2.40e-02,3.76e-01,
1041,8.00e-02,-8.00e-03,-3.20e-02,3.36e-01,
1042,0.00e+00,-1.60e-02,-3.20e-02,3.36e-01,
1043,8.00e-02,0.00e+00,-2.40e-02,2.96e-01,
1044,0.00e+00,-8.00e-03,-3.20e-02,2.96e-01,
1045,8.00e-02,8.00e-03,-2.40e-02,2.56e-01,
1046,0.00e+00,8.00e-03,-2.40e-02,2.64e-01,
1047,8.00e-02,1.60e-02,-3.20e-02,2.16e-01,
1048,0.00e+00,1.60e-02,-3.20e-02,2.24e-01,
1049,8.00e-02,3.20e-02,-1.60e-02,1.92e-01,
1050,0.00e+00,3.20e-02,-1.60e-02,1.92e-01,
1051,8.00e-02,2.40e-02,-2.40e-02,1.60e-01,
1052,8.00e-02,2.40e-02,-2.40e-02,1.68e-01,
1053,0.00e+00,4.00e-02,-1.60e-02,1.28e-01,
1054,0.00e+00,4.00e-02,-1.60e-02,1.28e-01,
1055,8.00e-02,3.20e-02,-2.40e-02,1.04e-01,
1056,0.00e+00,4.00e-02,-1.60e-02,9.60e-02,
1057,8.00e-02,4.80e-02,-2.40e-02,7.20e-02,
1058,0.00e+00,4.80e-02,-2.40e-02,8.00e-02,
1059,8.00e-02,4.00e-02,-8.00e-03,5.60e-02,
1060,0.00e+00,4.80e-02,-8.00e-03,5.60e-02,
1061,8.00e-02,4.00e-02,0.00e+00,3.20e-02,
1062,0.00e+00,4.80e-02,-8.00e-03,3.20e-02,
1063,8.00e-02,4.00e-02,-8.00e-03,1.60e-02,
1064,8.00e-02,4.80e-02,-8.00e-03,1.60e-02,
1065,0.00e+00,4.00e-02,-8.00e-03,-1.60e-02,
1066,8.00e-02,4.00e-02,-8.00e-03,-8.00e-03,
1067,0.00e+00,5.60e-02,0.00e+00,-3.20e-02,
1068,0.00e+00,4.00e-02,-8.00e-03,-2.40e-02,
1069,0.00e+00,4.80e-02,8.00e-03,-4.80e-02,
1070,0.00e+00,4.80e-02,8.00e-03,-4.80e-02,
1071,0.00e+00,4.00e-02,0.00e+00,-7.20e-02,
1072,0.00e+00,4.00e-02,0.00e+00,-6.40e-02,
1073,8.00e-02,4.80e-02,0.00e+00,-8.00e-02,
1074,0.00e+00,4.80e-02,0.00e+00,-7.20e-02,
1075,8.00e-02,4.00e-02,8.00e-03,-9.60e-02,
1076,0.00e+00,4.80e-02,0.00e+00,-9.60e-02,
1077,8.00e-02,4.00e-02,8.00e-03,-1.12e-01,
1078,0.00e+00,4.00e-02,0.00e+00,-1.04e-01,
1079,8.00e-02,4.80e-02,1.60e-02,-1.20e-01,
1080,0.00e+00,4.80e-02,8.00e-03,-1.12e-01,
1081,8.00e-02,4.00e-02,1.60e-02,-1.28e-01,
1082,0.00e+00,4.00e-02,1.60e-02,-1.28e-01,
1083,8.00e-02,4.80e-02,8.00e-03,-1.36e-01,
1084,0.00e+00,4.80e-02,8.00e-03,-1.36e-01,
1085,0.00e+00,3.20e-02,2.40e-02,-1.44e-01,
1086,0.00e+00,4.00e-02,2.40e-02,-1.44e-01,
1087,8.00e-02,3.20e-02,1.60e-02,-1.60e-01,
1088,0.00e+00,4.00e-02,1.60e-02,-1.52e-01,
1089,8.00e-02,3.20e-02,2.40e-02,-1.60e-01,
1090,0.00e+00,4.00e-02,2.40e-02,-1.52e-01,
1091,8.00e-02,3.20e-02,1.60e-02,-1.68e-01,
1092,0.00e+00,3.20e-02,1.60e-02,-1.60e-01,
1093,8.00e-02,4.00e-02,3.20e-02,-1.68e-01,
1094,0.00e+00,4.00e-02,3.20e-02,-1.60e-01,
1095,0.00e+00,3.20e-02,2.40e-02,-1.68e-01,
1096,0.00e+00,3.20e-02,3.20e-02,-1.76e-01,
1097,8.00e-02,4.00e-02,2.40e-02,-1.60e-01,
1098,0.00e+00,4.00e-02,2.40e-02,-1.76e-01,
1099,8.00e-02,3.20e-02,4.00e-02,-1.68e-01,
1100,0.00e+00,3.20e-02,4.00e-02,-1.76e-01,
1101,8.00e-02,4.00e-02,4.80e-02,-1.68e-01,
1102,8.00e-02,4.00e-02,4.00e-02,-1.76e-01,
1103,0.00e+00,3.20e-02,4.00e-02,-1.68e-01,
1104,0.00e+00,3.20e-02,4.00e-02,-1.68e-01,
1105,8.00e-02,4.00e-02,5.60e-02,-1.76e-01,
1106,0.00e+00,4.00e-02,4.80e-02,-1.76e-01,
1107,8.00e-02,3.20e-02,5.60e-02,-1.68e-01,
1108,0.00e+00,4.00e-02,4.80e-02,-1.76e-01,
1109,8.00e-02,3.20e-02,5.60e-02,-1.60e-01,
1110,0.00e+00,3.20e-02,4.80e-02,-1.76e-01,
1111,8.00e-02,4.00e-02,6.40e-02,-1.60e-01,
1112,0.00e+00,4.00e-02,6.40e-02,-1.60e-01,
1113,8.00e-02,3.20e-02,5.60e-02,-1.68e-01,
1114,8.00e-02,4.00e-02,6.40e-02,-1.60e-01,
1115,0.00e+00,3.20e-02,5.60e-02,-1.68e-01,
1116,0.00e+00,4.00e-02,5.60e-02,-1.68e-01,
1117,8.00e-02,3.20e-02,6.40e-02,-1.52e-01,
1118,0.00e+00,3.20e-02,5.60e-02,-1.52e-01,
1119,8.00e-02,4.80e-02,7.20e-02,-1.60e-01,
1120,0.00e+00,4.00e-02,7.20e-02,-1.52e-01,
1121,0.00e+00,4.80e-02,6.40e-02,-1.60e-01,
1122,0.00e+00,4.80e-02,7.20e-02,-1.60e-01,
1123,8.00e-02,3.20e-02,6.40e-02,-1.36e-01,
1124,0.00e+00,4.00e-02,6.40e-02,-1.44e-01,
1125,8.00e-02,4.80e-02,7.20e-02,-1.44e-01,
1126,0.00e+00,4.80e-02,7.20e-02,-1.44e-01,
1127,8.00e-02,4.00e-02,6.40e-02,-1.44e-01,
1128,0.00e+00,4.80e-02,7.20e-02,-1.44e-01,
1129,8.00e-02,4.00e-02,6.40e-02,-1.28e-01,
1130,8.00e-02,4.00e-02,7.20e-02,-1.36e-01,
1131,0.00e+00,4.80e-02,6.40e-02,-1.28e-01,
1132,0.00e+00,4.00e-02,6.40e-02,-1.28e-01,
1133,1.60e-01,4.80e-02,7.20e-02,-1.36e-01,
1134,0.00e+00,4.00e-02,6.40e-02,-1.36e-01,
1135,1.60e-01,4.80e-02,7.20e-02,-1.28e-01,
1136,0.00e+00,4.80e-02,7.20e-02,-1.36e-01,
1137,1.60e-01,4.00e-02,6.40e-02,-1.20e-01,
1138,1.60e-01,4.80e-02,7.20e-02,-1.20e-01,
1139,0.00e+00,4.00e-02,6.40e-02,-1.28e-01,
1140,0.00e+00,4.80e-02,7.20e-02,-1.28e-01,
1141,1.60e-01,4.00e-02,6.40e-02,-1.12e-01,
1142,0.00e+00,4.80e-02,7.20e-02,-1.12e-01,
1143,1.60e-01,4.00e-02,6.40e-02,-1.28e-01,
1144,1.60e-01,4.80e-02,7.20e-02,-1.28e-01,
1145,0.00e+00,3.20e-02,5.60e-02,-1.20e-01,
1146,0.00e+00,4.80e-02,5.60e-02,-1.28e-01,
1147,1.60e-01,3.20e-02,6.40e-02,-1.20e-01,
1148,0.00e+00,4.00e-02,6.40e-02,-1.20e-01,
1149,1.60e-01,3.20e-02,5.60e-02,-1.28e-01,
1150,0.00e+00,3.20e-02,6.40e-02,-1.28e-01,
1151,1.60e-01,4.00e-02,4.80e-02,-1.20e-01,
1152,1.60e-01,3.20e-02,4.80e-02,-1.28e-01,
1153,0.00e+00,4.00e-02,5.60e-02,-1.20e-01,
1154,0.00e+00,3.20e-02,4.80e-02,-1.20e-01,
1155,1.60e-01,4.00e-02,4.00e-02,-1.28e-01,
1156,0.00e+00,4.00e-02,4.00e-02,-1.20e-01,
1157,1.60e-01,2.40e-02,4.00e-02,-1.36e-01,
1158,0.00e+00,3.20e-02,4.00e-02,-1.36e-01,
1159,1.60e-01,2.40e-02,2.40e-02,-1.28e-01,
1160,0.00e+00,3.20e-02,2.40e-02,-1.36e-01,
1161,1.60e-01,2.40e-02,3.20e-02,-1.28e-01,
1162,0.00e+00,3.20e-02,3.20e-02,-1.28e-01,
1163,1.60e-01,1.60e-02,1.60e-02,-1.44e-01,
1164,0.00e+00,1.60e-02,2.40e-02,-1.36e-01,
1165,8.00e-02,2.40e-02,1.60e-02,-1.44e-01,
1166,0.00e+00,1.60e-02,1.60e-02,-1.36e-01,
1167,8.00e-02,1.60e-02,8.00e-03,-1.60e-01,
1168,0.00e+00,2.40e-02,1.60e-02,-1.52e-01,
1169,8.00e-02,8.00e-03,0.00e+00,-1.60e-01,
1170,0.00e+00,8.00e-03,0.00e+00,-1.52e-01,
1171,8.00e-02,8.00e-03,8.00e-03,-1.68e-01,
1172,0.00e+00,8.00e-03,-8.00e-03,-1.60e-01,
1173,0.00e+00,0.00e+00,0.00e+00,-1.68e-01,
1174,0.00e+00,0.00e+00,-8.00e-03,-1.68e-01,
1175,8.00e-02,-8.00e-03,-2.40e-02,-1.60e-01,
1176,0.00e+00,0.00e+00,-1.60e-02,-1.60e-01,
1177,8.00e-02,-8.00e-03,-3.20e-02,-1.76e-01,
1178,0.00e+00,-1.60e-02,-2.40e-02,-1.76e-01,
1179,8.00e-02,0.00e+00,-3.20e-02,-1.68e-01,
1180,0.00e+00,-8.00e-03,-2.40e-02,-1.68e-01,
1181,8.00e-02,-1.60e-02,-4.00e-02,-1.76e-01,
1182,8.00e-02,-8.00e-03,-3.20e-02,-1.76e-01,
1183,0.00e+00,-2.40e-02,-4.80e-02,-1.60e-01,
1184,0.00e+00,-1.60e-02,-4.80e-02,-1.68e-01,
1185,8.00e-02,-2.40e-02,-4.00e-02,-1.60e-01,
1186,0.00e+00,-2.40e-02,-4.00e-02,-1.60e-01,
1187,8.00e-02,-3.20e-02,-5.60e-02,-1.52e-01,
1188,0.00e+00,-2.40e-02,-5.60e-02,-1.52e-01,
1189,8.00e-02,-4.00e-02,-5.60e-02,-1.36e-01,
1190,8.00e-02,-4.00e-02,-5.60e-02,-1.36e-01,
1191,0.00e+00,-3.20e-02,-4.80e-02,-1.20e-01,
1192,0.00e+00,-4.00e-02,-5.60e-02,-1.28e-01,
1193,8.00e-02,-3.20e-02,-5.60e-02,-9.60e-02,
1194,0.00e+00,-4.00e-02,-5.60e-02,-9.60e-02,
1195,8.00e-02,-5.60e-02,-5.60e-02,-7.20e-02,
1196,0.00e+00,-4.80e-02,-6.40e-02,-8.00e-02,
1197,8.00e-02,-6.40e-02,-4.80e-02,-4.80e-02,
1198,0.00e+00,-5.60e-02,-5.60e-02,-4.00e-02,
1199,-1.60e-01,-6.40e-02,-5.60e-02,-8.00e-03,
